Venta_ID,Distribuidor,Fecha,Hora,Producto_ID,Unidades,Venta,Cliente_ID
8602511,Manuel,07/06/2020,23,6,21,849,7
3880303,Carlos,10/09/2021,19,4,24,872,3
6147372,Manuel,09/06/2020,8,5,11,482,1
7396459,Carlos,28/07/2020,11,8,29,665,3
8001916,Carlos,11/09/2021,20,4,12,989,7
2951521,Manuel,02/05/2022,23,5,23,419,3
1441706,Daniel,18/08/2022,2,2,14,492,6
2516430,Daniel,07/11/2021,1,4,29,506,6
2686447,Daniel,07/04/2021,22,2,27,469,1
6319912,Luis,24/10/2021,21,6,12,887,2
8493229,Luis,02/02/2020,6,2,28,927,9
1923631,Jose,22/07/2020,1,10,17,254,2
8109668,Manuel,03/01/2020,1,9,22,888,4
2562843,Carlos,10/05/2021,5,6,30,695,2
6645630,Daniel,17/01/2022,7,4,18,598,6
6587109,Luis,24/03/2021,15,6,21,507,5
7599319,Daniel,04/09/2022,21,1,21,459,4
5775855,Luis,10/09/2021,4,8,28,783,5
2690290,Luis,19/06/2021,16,6,24,337,2
2752986,Manuel,30/11/2020,8,6,26,438,8
4874175,Daniel,19/05/2021,20,3,25,183,6
1882764,Luis,17/06/2022,11,4,23,269,5
2808995,Jose,01/03/2021,18,2,19,967,8
5655972,Manuel,23/10/2020,11,5,30,416,4
1184182,Carlos,12/04/2021,23,1,13,842,9
3221751,Manuel,26/06/2022,19,2,18,714,7
8839509,Luis,03/03/2020,21,10,26,118,4
7280086,Daniel,17/04/2022,12,6,23,625,3
7380867,Carlos,20/01/2020,8,9,18,642,3
1673359,Manuel,01/05/2021,19,1,18,897,9
2285387,Carlos,27/06/2022,4,3,28,944,2
7560870,Manuel,01/05/2020,21,5,12,110,8
6715073,Carlos,17/11/2021,19,6,11,771,8
2558337,Manuel,21/09/2022,10,10,28,117,5
8556496,Luis,25/05/2021,15,5,14,419,3
1368093,Luis,15/04/2020,23,8,24,483,6
5960115,Luis,01/01/2020,23,2,21,828,8
4047944,Manuel,06/03/2020,3,7,10,559,3
5434945,Daniel,03/12/2020,12,5,11,649,3
2306750,Luis,13/04/2020,14,2,12,898,6
4319129,Jose,18/03/2020,15,1,19,845,2
5769877,Jose,13/08/2020,14,3,30,228,1
1161701,Carlos,06/07/2021,12,8,20,485,4
4863990,Jose,24/03/2022,9,9,13,537,2
1510509,Manuel,09/12/2021,5,1,27,218,9
5605788,Jose,27/06/2021,21,5,22,657,9
4921169,Carlos,24/05/2020,21,3,22,107,8
5467351,Jose,06/09/2022,11,5,29,246,4
1200072,Luis,09/06/2021,2,9,24,225,5
5497866,Carlos,17/07/2022,1,2,21,142,2
2449405,Jose,14/06/2021,17,9,30,702,2
6843657,Luis,19/01/2021,20,9,27,703,5
6904788,Luis,19/01/2020,19,5,28,701,1
3201117,Daniel,17/05/2020,13,9,10,235,9
4961581,Manuel,12/02/2022,14,6,29,183,2
2982295,Manuel,05/04/2020,23,6,17,109,9
3914644,Manuel,21/09/2021,13,5,14,994,4
2440529,Manuel,23/02/2022,7,7,27,248,2
1586415,Jose,23/04/2020,23,5,25,477,7
2607139,Carlos,28/06/2021,17,2,19,455,9
4770883,Manuel,29/05/2021,14,1,25,395,1
1044053,Manuel,07/04/2022,18,3,18,522,3
2138777,Luis,09/02/2021,21,4,25,203,6
6683931,Jose,28/01/2021,6,1,14,823,5
6688987,Luis,15/04/2020,2,5,19,747,3
6524404,Daniel,17/09/2020,9,1,10,361,5
1995452,Daniel,25/08/2022,4,2,18,714,5
2475418,Carlos,12/01/2021,5,2,15,862,2
8538662,Jose,07/01/2022,9,8,22,791,8
1263188,Daniel,04/01/2020,1,8,10,530,9
1254584,Jose,05/04/2020,9,6,15,688,7
1855556,Manuel,12/03/2021,8,7,28,939,8
1107752,Luis,06/01/2021,0,4,27,411,4
8784757,Jose,03/04/2022,11,2,24,702,1
1547300,Jose,26/01/2021,11,6,29,878,7
8547791,Daniel,16/05/2020,20,3,25,184,1
4617346,Manuel,18/04/2022,11,10,30,119,5
7545546,Carlos,05/10/2021,4,2,20,700,3
4973189,Daniel,28/03/2020,23,9,29,360,9
3025506,Daniel,23/10/2021,20,10,13,115,5
4878650,Jose,01/01/2020,19,5,18,494,7
7264844,Daniel,07/01/2021,5,5,17,338,1
2320629,Daniel,28/05/2021,3,4,29,769,3
4741182,Luis,19/07/2021,0,7,30,762,5
8726005,Carlos,13/06/2020,11,2,26,972,7
8251115,Luis,10/03/2020,16,3,22,690,6
3812223,Luis,21/08/2021,13,9,27,681,2
5812463,Manuel,17/07/2021,14,4,22,969,1
8635784,Manuel,13/07/2021,3,8,19,829,9
5723482,Daniel,21/03/2021,8,9,15,195,7
8051270,Manuel,05/12/2020,3,2,12,344,4
5342182,Luis,16/07/2020,21,2,20,331,2
6315738,Manuel,07/06/2022,18,4,14,594,5
5926540,Luis,20/01/2020,16,8,15,165,5
3931625,Jose,01/07/2020,2,7,13,840,9
7518007,Luis,08/10/2020,21,6,26,966,5
7676690,Carlos,06/01/2021,17,1,19,900,4
3459401,Manuel,17/06/2020,19,5,20,722,4
3493206,Manuel,12/12/2020,23,4,24,355,6
4124916,Daniel,19/04/2020,8,8,25,235,4
8017154,Luis,30/05/2022,23,10,21,104,8
4416340,Manuel,24/08/2022,6,10,29,336,9
4466913,Manuel,25/01/2021,0,9,19,654,2
6380672,Jose,23/07/2020,5,10,10,325,3
2664960,Luis,28/05/2022,18,7,23,332,3
7214558,Luis,03/02/2021,5,8,14,189,4
7962796,Jose,08/03/2021,13,9,24,866,3
1037722,Jose,17/10/2020,12,4,12,523,6
4717037,Carlos,02/01/2020,10,8,28,733,5
8817819,Luis,02/11/2020,9,7,23,277,9
3079031,Manuel,19/07/2020,11,9,20,389,2
8457395,Luis,28/04/2021,11,4,20,652,8
7536578,Carlos,18/11/2021,19,2,20,862,8
7988684,Luis,14/10/2021,4,8,22,321,8
1486960,Manuel,06/03/2020,16,3,24,609,2
5031900,Jose,09/03/2021,9,1,11,375,9
4506343,Luis,01/07/2021,2,4,12,163,3
2328686,Luis,18/02/2022,21,9,20,230,2
7029666,Manuel,15/09/2022,23,6,26,972,7
6434066,Daniel,27/06/2020,22,7,11,428,1
3961733,Manuel,01/12/2021,13,1,18,956,3
1804962,Daniel,18/02/2021,3,1,17,922,4
5630975,Manuel,28/09/2021,9,1,20,147,3
4992223,Luis,14/08/2020,7,1,23,629,3
4506789,Luis,22/03/2020,9,2,15,499,4
7450843,Carlos,19/01/2020,16,10,20,610,8
5283890,Carlos,20/05/2022,5,3,23,683,6
7415626,Luis,08/09/2021,9,6,17,206,1
5224792,Carlos,21/12/2021,12,8,25,410,3
1515195,Jose,01/02/2021,1,5,30,604,4
6705579,Carlos,17/09/2022,14,10,10,205,4
8047534,Jose,08/12/2021,1,7,28,223,4
2039102,Jose,20/02/2020,13,9,21,200,2
7254540,Carlos,23/06/2020,18,7,26,706,6
6732728,Carlos,13/03/2022,12,8,16,845,5
4274403,Manuel,06/01/2021,16,3,11,895,7
2811919,Jose,28/11/2020,14,2,10,685,8
6457005,Luis,04/04/2020,0,3,12,504,7
7566409,Daniel,02/05/2022,6,3,19,702,1
5844637,Luis,13/03/2020,6,4,19,976,3
8902601,Jose,23/10/2020,21,4,28,548,7
8239416,Luis,19/11/2021,18,8,24,563,8
1546146,Carlos,27/11/2020,14,4,11,439,9
5834969,Daniel,23/06/2022,13,2,26,355,5
5359084,Manuel,18/12/2021,22,10,11,410,2
7383371,Daniel,21/01/2020,3,2,30,354,7
2029101,Manuel,12/09/2022,23,3,25,204,2
1337086,Carlos,12/04/2021,11,2,20,283,1
3334216,Daniel,12/05/2021,18,3,13,883,3
1206473,Jose,14/01/2020,0,1,12,456,6
6969831,Carlos,29/06/2021,20,5,19,207,9
7632981,Manuel,22/01/2022,1,2,12,409,8
6661937,Luis,04/02/2022,11,2,28,459,1
4202303,Manuel,30/03/2022,14,3,17,847,8
3264764,Daniel,07/09/2021,18,4,30,463,7
7497782,Luis,13/03/2021,8,4,19,551,9
8196367,Manuel,28/07/2022,12,4,17,505,9
4633321,Manuel,22/11/2020,3,1,24,346,4
5198258,Manuel,05/01/2020,10,6,19,341,6
2931764,Jose,29/05/2021,5,4,29,303,5
3194266,Carlos,05/02/2020,21,3,22,692,6
8524522,Luis,21/06/2020,1,4,15,403,5
5918056,Carlos,05/02/2022,1,3,30,483,7
4825765,Carlos,27/05/2022,6,5,15,174,8
4389225,Luis,25/10/2020,5,10,12,909,5
3404265,Carlos,30/12/2021,11,7,27,711,1
1201031,Manuel,04/05/2021,10,10,13,596,6
7211683,Daniel,27/01/2021,8,10,10,842,5
5093694,Carlos,19/07/2021,9,1,20,914,1
7700629,Jose,07/03/2020,9,8,11,621,3
4486986,Daniel,24/05/2020,7,5,25,417,9
2002510,Manuel,28/03/2022,6,6,21,946,7
3793074,Carlos,13/02/2020,9,8,11,538,4
4087926,Manuel,15/03/2020,19,4,14,673,8
6159170,Daniel,27/09/2021,14,9,17,790,5
2996907,Manuel,23/05/2022,11,9,23,842,5
5232477,Daniel,08/04/2021,15,8,12,851,4
2648658,Luis,26/01/2021,22,2,22,174,7
3122693,Manuel,06/10/2020,12,1,23,208,3
1774242,Daniel,21/04/2020,21,6,30,400,5
5132971,Daniel,01/08/2021,14,1,12,141,8
7851530,Luis,16/09/2020,0,9,22,884,2
8424665,Carlos,28/06/2022,15,5,26,982,5
6025391,Manuel,11/09/2021,23,6,15,102,8
7491346,Carlos,18/02/2020,14,4,28,851,1
5820927,Luis,04/12/2021,15,6,25,315,1
2164872,Luis,21/02/2020,3,9,22,738,3
3194122,Jose,22/10/2020,21,4,26,796,2
5074861,Carlos,17/08/2022,4,9,22,941,6
8636090,Jose,28/11/2020,23,3,24,326,8
7321659,Luis,24/07/2020,1,9,13,541,9
7842256,Carlos,16/05/2022,1,10,17,373,1
1434188,Jose,07/07/2021,5,2,16,549,7
3655329,Luis,04/12/2020,2,4,22,779,1
5376694,Carlos,18/12/2021,10,7,13,318,4
5987175,Luis,14/02/2022,8,2,24,288,1
5094271,Manuel,09/11/2020,22,7,12,723,9
2277904,Jose,24/08/2020,23,7,20,407,8
8904039,Daniel,28/11/2021,3,4,14,823,9
6104827,Luis,26/09/2020,18,1,30,118,1
5912164,Carlos,12/09/2021,16,7,26,625,9
6673147,Manuel,21/03/2021,8,1,12,771,1
5166569,Manuel,22/05/2022,14,8,19,280,1
7507838,Manuel,23/08/2020,16,4,25,448,5
7457475,Manuel,27/06/2021,11,1,27,303,7
4624490,Carlos,09/06/2022,8,10,17,864,6
4278555,Jose,08/06/2022,1,5,20,985,9
6091191,Luis,06/09/2022,9,10,18,429,1
1495389,Jose,08/03/2021,9,7,24,223,2
2791721,Carlos,25/09/2020,2,7,16,171,8
7094517,Daniel,25/10/2020,15,1,20,384,5
7365979,Jose,06/07/2021,19,4,27,960,9
3535206,Carlos,10/03/2022,1,3,25,856,5
3160642,Carlos,30/04/2020,21,1,30,791,2
2753200,Jose,09/03/2022,14,3,13,596,3
1207852,Carlos,01/08/2021,16,4,20,469,7
8006481,Jose,23/08/2020,23,2,17,366,9
5842742,Carlos,22/07/2020,18,5,24,522,8
1879749,Manuel,28/10/2020,16,3,18,718,6
3152710,Jose,30/06/2020,16,4,25,479,4
5541790,Carlos,14/04/2021,9,10,17,261,7
6541779,Luis,30/05/2020,16,7,14,638,8
8428447,Manuel,12/08/2021,18,7,11,718,5
4961626,Luis,24/05/2022,17,5,19,264,5
3706232,Carlos,14/08/2022,22,10,12,209,8
7382792,Jose,14/02/2021,21,5,21,435,2
5434962,Luis,25/10/2020,18,3,29,825,7
1794041,Daniel,05/07/2020,5,5,18,720,7
4196896,Luis,01/07/2020,4,6,27,743,7
8659077,Luis,14/06/2022,11,3,14,210,6
8981138,Carlos,03/03/2020,20,9,13,179,4
4993431,Daniel,21/07/2020,15,2,25,404,4
1335999,Manuel,19/08/2022,18,2,21,409,7
3788598,Carlos,01/07/2020,13,5,25,444,9
3620805,Daniel,02/10/2020,8,5,10,162,1
7649446,Luis,25/08/2022,16,3,19,201,5
6189807,Manuel,22/07/2021,15,1,14,875,8
1503813,Jose,06/04/2022,11,2,24,238,6
5198208,Luis,13/12/2020,14,4,30,329,4
2636998,Jose,03/12/2020,13,2,23,193,2
8537400,Jose,06/08/2022,8,6,14,799,2
6042109,Manuel,16/01/2020,9,8,15,725,2
1393709,Luis,04/11/2020,11,6,30,469,5
3418574,Jose,30/06/2020,23,8,10,294,3
5650984,Luis,29/12/2021,0,1,23,232,4
4846457,Luis,09/07/2022,10,3,23,157,4
7525137,Daniel,15/10/2022,5,7,12,457,7
3446737,Daniel,26/06/2021,6,2,11,281,8
8133126,Luis,08/06/2021,12,10,24,173,2
1695721,Daniel,01/07/2022,19,3,27,584,8
4731480,Manuel,13/02/2022,23,10,23,268,9
8090079,Daniel,15/03/2022,9,5,24,327,2
5427307,Daniel,27/02/2020,11,10,28,943,1
6904196,Manuel,11/04/2021,14,8,29,814,7
8867578,Jose,20/11/2020,9,5,10,560,1
3003947,Daniel,22/04/2022,3,5,11,272,4
2485553,Jose,20/02/2020,9,3,29,256,8
1800595,Carlos,21/05/2022,1,6,24,573,8
7251429,Luis,05/09/2021,5,9,12,837,4
2931265,Daniel,30/06/2020,13,9,24,256,3
1501047,Jose,03/06/2020,21,5,23,960,2
4428513,Jose,20/10/2020,19,3,22,514,4
4198276,Daniel,10/03/2020,11,10,18,234,1
7663049,Carlos,22/07/2021,20,8,29,448,5
3733574,Jose,05/10/2020,22,2,29,474,3
3110195,Daniel,13/08/2020,14,9,27,850,7
4651099,Luis,18/10/2022,9,5,27,860,4
5693026,Luis,20/11/2021,17,4,16,433,1
3491485,Daniel,27/09/2022,13,8,11,178,2
3503718,Carlos,04/03/2022,9,10,27,509,7
2151185,Manuel,19/01/2020,17,7,30,144,8
7317548,Manuel,02/01/2021,1,2,30,224,3
7716053,Manuel,07/01/2021,17,10,24,446,6
1370190,Jose,20/05/2022,8,5,14,850,6
6138128,Carlos,25/10/2020,11,9,21,948,6
2421755,Luis,03/11/2020,4,3,10,427,4
4707398,Luis,07/09/2022,2,9,16,566,1
5453445,Carlos,09/04/2020,23,1,13,875,9
3011714,Jose,24/08/2021,2,7,12,893,9
6595769,Daniel,24/01/2022,11,3,23,847,8
1491129,Daniel,15/01/2021,0,10,10,987,8
7693189,Luis,04/01/2022,12,3,28,120,6
1468288,Luis,02/01/2020,14,8,10,364,2
5777205,Daniel,03/07/2022,9,4,29,325,1
1023566,Jose,03/07/2021,4,6,23,347,9
7464803,Manuel,14/09/2021,13,1,15,863,8
7283389,Luis,22/04/2021,12,6,29,655,7
7078032,Luis,20/04/2022,17,8,30,827,6
8681965,Daniel,19/12/2020,13,1,28,633,9
8037720,Daniel,21/05/2020,16,7,25,102,7
8944714,Manuel,17/07/2020,7,5,30,682,5
5193556,Daniel,30/09/2020,20,6,28,470,7
8509953,Jose,28/02/2021,22,9,25,980,9
8012138,Jose,17/10/2022,9,7,12,922,1
8473885,Luis,16/07/2022,15,8,20,873,9
3834095,Daniel,22/05/2022,2,8,30,923,9
5934793,Carlos,27/05/2022,20,2,12,747,1
8701921,Jose,16/08/2021,14,4,26,474,8
6804386,Luis,18/04/2020,14,7,14,298,1
1622551,Manuel,14/05/2022,16,5,28,450,3
5258939,Daniel,06/05/2020,5,9,30,674,2
7872462,Carlos,16/10/2021,1,5,17,135,2
3541678,Luis,18/08/2022,14,5,19,343,4
1225872,Carlos,24/05/2020,9,6,11,396,1
4099518,Jose,19/02/2020,6,2,21,810,1
3032466,Daniel,19/03/2021,20,8,12,608,8
7263196,Daniel,15/08/2020,6,7,18,945,3
8907079,Daniel,17/07/2021,12,8,14,271,1
4088796,Carlos,13/04/2020,20,6,23,257,2
7832538,Luis,03/02/2021,21,3,26,818,8
6254212,Jose,17/07/2020,3,1,16,245,2
3195669,Manuel,19/04/2021,9,10,16,584,9
5063264,Manuel,16/08/2020,5,9,29,479,3
5440056,Luis,19/05/2022,0,1,17,249,3
1975534,Daniel,11/12/2020,13,3,16,950,2
7692180,Manuel,04/04/2021,18,4,11,309,2
5682464,Manuel,03/04/2021,16,5,28,661,6
4044079,Carlos,21/04/2021,13,4,29,643,1
5573135,Carlos,18/02/2022,11,1,20,699,4
5180051,Luis,10/12/2020,7,6,24,856,3
4799417,Luis,04/02/2022,22,9,10,841,5
4502951,Carlos,22/09/2021,7,10,16,684,5
4598602,Daniel,17/05/2021,0,5,28,605,9
8494059,Daniel,22/06/2022,20,7,15,853,1
5149369,Daniel,21/05/2022,2,9,16,578,1
3017473,Luis,10/11/2020,23,4,19,427,3
4027970,Jose,05/05/2022,19,4,25,290,8
6694706,Jose,16/04/2021,1,8,20,498,3
8112461,Daniel,28/04/2021,5,9,25,143,4
1104789,Carlos,03/09/2022,5,9,10,113,5
5781546,Luis,17/10/2021,16,2,28,325,4
3210819,Carlos,09/03/2020,1,5,28,486,9
6780451,Jose,23/10/2020,15,7,28,507,1
6248042,Carlos,11/09/2020,19,4,28,362,8
7868473,Carlos,26/03/2022,9,10,30,172,8
1937108,Manuel,13/10/2020,12,7,29,945,7
3850176,Daniel,16/03/2020,2,7,18,741,2
2118274,Carlos,03/12/2021,18,10,29,459,9
2670937,Daniel,22/05/2022,10,10,16,506,6
5666724,Carlos,25/07/2021,6,2,23,490,2
1286683,Luis,10/08/2022,0,2,14,275,5
8372834,Jose,28/11/2021,23,8,13,790,2
3330322,Jose,26/05/2020,8,5,10,663,9
3320707,Jose,13/08/2022,18,2,13,433,2
1748906,Luis,22/03/2020,0,8,28,268,2
6081743,Carlos,30/10/2020,4,9,14,612,9
5335093,Manuel,03/05/2020,10,6,11,780,3
5287532,Daniel,12/01/2021,0,10,25,244,1
8374339,Daniel,30/03/2021,12,9,26,733,9
2390207,Daniel,08/12/2020,19,1,12,552,9
7850427,Daniel,27/08/2021,14,5,10,382,6
1358211,Luis,04/12/2020,14,5,28,514,4
2743894,Luis,28/08/2022,5,3,26,506,8
1164409,Carlos,30/11/2021,7,7,28,283,7
1686277,Luis,04/05/2020,17,5,23,670,5
2474082,Manuel,26/03/2021,19,2,25,533,9
5045221,Jose,21/04/2020,16,4,27,378,1
1270813,Daniel,18/10/2022,14,6,20,498,5
6364531,Daniel,03/06/2020,9,7,19,625,6
8203597,Daniel,27/08/2022,15,5,16,106,5
6958365,Jose,27/10/2021,7,10,15,487,6
8026349,Luis,23/02/2020,5,10,13,206,1
8801776,Jose,27/11/2021,0,10,11,207,3
2603790,Daniel,05/10/2020,12,8,26,700,8
5897322,Daniel,06/11/2021,1,7,22,336,5
5212156,Luis,06/12/2020,13,6,30,762,2
5206178,Luis,16/09/2021,19,8,18,696,2
7760632,Luis,17/11/2021,6,1,19,528,1
7490460,Daniel,09/08/2022,6,1,29,948,7
7792633,Manuel,07/10/2021,13,10,12,588,6
8551994,Carlos,14/03/2022,20,6,24,471,5
1565876,Luis,03/01/2022,6,6,11,612,9
5011330,Daniel,13/02/2020,10,4,20,955,5
8412010,Jose,14/03/2020,3,10,28,435,4
4099396,Luis,27/09/2021,13,5,22,679,1
5373535,Manuel,16/02/2022,21,6,27,718,1
2752737,Luis,05/11/2020,10,1,27,235,3
1457137,Manuel,04/09/2022,17,5,19,360,2
1518085,Manuel,08/08/2021,4,2,16,899,7
2546157,Daniel,19/07/2021,23,3,29,382,4
2986599,Daniel,12/04/2022,9,2,26,982,9
4267227,Carlos,16/09/2021,0,2,27,578,1
2383924,Manuel,11/12/2020,22,5,12,138,7
7434255,Daniel,12/04/2020,13,10,29,207,2
1613742,Daniel,04/10/2022,7,3,25,972,6
2713113,Manuel,25/07/2021,9,9,14,734,9
1623248,Manuel,14/11/2021,10,10,26,226,4
1895214,Carlos,24/06/2022,3,4,17,712,7
7703439,Manuel,17/05/2020,14,3,27,329,6
8332939,Jose,09/10/2021,8,4,15,654,3
8057311,Manuel,28/12/2020,20,7,16,126,2
8492127,Manuel,27/09/2020,8,9,28,812,2
6323806,Daniel,20/06/2021,7,5,18,557,2
3238871,Jose,27/01/2022,10,3,18,842,8
2581678,Daniel,10/07/2022,18,6,20,924,5
5549874,Luis,16/08/2022,21,10,14,224,6
2699003,Manuel,22/09/2021,7,4,15,396,4
7635448,Jose,15/08/2020,12,6,21,209,5
2242320,Jose,09/07/2020,2,9,15,757,7
8451928,Luis,18/05/2020,7,4,11,973,5
1555767,Luis,21/01/2022,0,3,19,379,4
1195127,Daniel,16/09/2022,18,2,20,665,2
8556601,Daniel,23/10/2021,4,6,28,301,2
3523832,Luis,21/07/2021,22,8,26,517,9
1665454,Manuel,26/12/2020,14,9,19,794,6
5603015,Manuel,25/09/2020,11,8,24,625,8
7882664,Manuel,17/10/2020,12,5,13,372,4
2792374,Manuel,06/06/2021,14,3,17,116,9
4228398,Luis,24/10/2022,17,10,11,873,2
7765444,Jose,13/03/2020,22,7,16,331,1
1503035,Daniel,12/09/2021,12,2,15,936,6
4455951,Luis,22/05/2022,5,1,13,950,3
7693200,Daniel,26/05/2021,19,2,19,119,5
1967601,Jose,27/01/2021,0,6,22,870,6
5773328,Carlos,07/10/2021,16,6,10,531,7
2435413,Daniel,24/06/2022,15,1,22,303,5
2382286,Luis,23/05/2020,2,9,13,508,9
7282641,Luis,07/09/2021,6,8,21,345,3
3128875,Manuel,21/09/2020,19,1,16,558,2
6620952,Daniel,21/06/2022,2,1,25,404,2
2195938,Carlos,03/04/2022,18,5,21,529,6
2855394,Jose,23/10/2021,15,9,25,925,1
3262234,Carlos,20/04/2022,15,2,11,533,6
5653581,Jose,30/10/2020,18,7,29,782,1
4923656,Carlos,25/03/2022,7,7,24,320,7
8046292,Luis,08/06/2021,22,9,15,213,9
2928384,Manuel,07/03/2021,8,8,14,468,3
2990066,Carlos,17/09/2021,2,3,23,239,6
8406711,Manuel,04/06/2022,7,7,25,287,6
2237574,Jose,19/07/2020,19,7,19,750,6
1367288,Daniel,11/10/2021,20,5,23,394,1
6505584,Luis,27/07/2020,21,2,30,242,1
5957433,Manuel,28/06/2021,14,9,28,294,5
2079651,Luis,14/01/2020,16,1,13,545,2
6886500,Daniel,04/08/2020,19,9,26,113,5
4150343,Daniel,13/09/2020,23,5,26,520,4
3059233,Manuel,15/08/2020,11,6,19,684,8
6748045,Carlos,24/02/2021,12,7,26,258,3
2802538,Luis,03/01/2021,17,6,13,795,5
5460236,Luis,25/01/2020,21,8,13,167,6
6773036,Luis,09/07/2022,15,7,25,819,9
3603439,Jose,03/02/2022,0,7,13,895,4
3838200,Carlos,09/08/2020,6,5,16,141,9
5706808,Carlos,20/06/2021,8,6,29,820,3
7080853,Luis,08/09/2021,14,1,11,429,6
3491965,Luis,22/03/2022,9,10,25,488,2
3604041,Daniel,02/07/2021,9,6,25,591,1
5355711,Jose,24/11/2020,2,7,30,238,2
6965883,Luis,12/10/2022,4,5,13,717,7
8010634,Manuel,09/07/2022,15,10,17,853,3
1652355,Daniel,29/08/2020,22,9,26,660,2
7157932,Jose,25/07/2020,7,10,16,340,1
7022609,Carlos,14/02/2022,0,8,30,824,6
3901149,Daniel,15/02/2022,4,10,28,152,1
7781929,Jose,15/09/2020,15,1,20,865,3
6778270,Daniel,28/03/2020,12,4,26,169,7
5436467,Carlos,05/03/2021,18,3,29,844,6
3541436,Daniel,12/08/2021,9,1,25,720,7
2688967,Carlos,07/08/2020,13,9,11,355,4
6929636,Daniel,15/12/2020,16,9,11,743,5
3923647,Manuel,28/03/2022,11,9,20,873,4
8902077,Luis,21/06/2021,5,4,10,390,9
6930771,Luis,27/12/2021,6,6,29,823,7
4521078,Jose,22/09/2021,14,9,20,676,2
4600403,Luis,23/01/2021,10,5,29,132,4
2745448,Jose,28/04/2021,20,1,24,383,2
6099363,Carlos,28/04/2020,0,6,27,174,8
3010557,Luis,12/02/2022,22,8,23,192,8
6231742,Jose,06/01/2022,9,5,25,262,2
7238068,Manuel,04/03/2020,0,8,20,143,6
2942256,Luis,05/08/2020,19,7,23,581,4
7421620,Carlos,25/06/2022,11,6,29,606,6
8804259,Carlos,13/03/2022,23,5,19,429,8
6428291,Daniel,06/05/2021,4,1,29,408,4
1169049,Manuel,03/04/2022,21,8,19,758,3
3255107,Luis,27/04/2020,3,7,26,661,2
8318714,Daniel,22/01/2022,2,1,30,230,5
7802051,Manuel,26/09/2020,14,1,29,941,7
3250955,Carlos,30/09/2022,9,10,29,848,5
8963004,Carlos,09/07/2021,14,3,30,969,6
2859987,Manuel,03/07/2021,18,5,17,383,9
8657386,Luis,18/11/2020,13,5,10,452,2
4585728,Jose,14/12/2021,5,8,30,479,2
3709343,Daniel,30/03/2022,1,10,11,793,5
4647219,Manuel,12/11/2021,23,5,19,873,2
5192696,Luis,13/09/2020,22,4,16,198,9
8494978,Luis,29/05/2021,10,10,16,527,8
7902370,Carlos,15/04/2021,3,2,10,739,4
2000561,Manuel,18/12/2020,15,5,17,505,5
7472066,Daniel,26/10/2020,0,7,13,189,7
5994921,Carlos,12/04/2020,21,2,25,369,1
3361922,Jose,23/07/2022,20,2,10,993,4
7479577,Jose,01/12/2020,6,8,30,670,1
6228373,Jose,09/03/2022,12,7,21,632,3
5067579,Manuel,13/01/2022,15,5,20,416,3
7390677,Jose,29/01/2020,8,1,23,766,7
6339978,Jose,18/05/2021,11,7,15,700,6
1352439,Luis,30/12/2020,16,3,22,941,2
7154201,Carlos,23/11/2021,9,10,16,365,4
6289948,Luis,22/10/2021,19,6,13,219,5
7924948,Manuel,21/05/2022,5,8,11,910,6
3492320,Jose,24/03/2020,5,4,10,352,7
5699851,Luis,13/07/2020,3,3,16,478,6
5576374,Luis,15/03/2020,3,6,24,548,5
4807005,Luis,06/11/2021,19,8,11,865,9
3614143,Daniel,16/07/2022,4,7,16,470,9
6591362,Manuel,15/11/2020,2,3,16,326,8
5521368,Luis,30/11/2020,12,3,18,908,1
2457518,Manuel,07/09/2022,19,6,28,983,8
1715867,Carlos,20/08/2020,13,8,23,516,3
8145611,Carlos,27/05/2021,16,10,29,753,2
2688426,Manuel,21/01/2020,17,10,24,364,5
2520588,Carlos,01/06/2021,0,4,25,538,2
7823892,Manuel,12/03/2020,17,6,22,737,6
1180731,Jose,22/01/2021,16,10,16,236,7
4702474,Manuel,03/08/2020,20,10,28,604,5
1962166,Manuel,08/06/2021,19,4,29,552,7
1312013,Carlos,04/04/2020,14,9,27,660,3
3754015,Daniel,06/09/2022,0,4,10,627,8
1332574,Carlos,04/01/2021,16,10,15,384,2
1480711,Jose,07/09/2022,5,2,28,302,3
6282065,Jose,25/01/2022,8,8,26,848,3
2032144,Manuel,23/07/2021,5,7,23,623,5
6064012,Carlos,03/01/2021,15,4,15,819,7
5276990,Jose,01/06/2021,17,6,11,423,5
2812337,Manuel,29/06/2022,17,8,11,416,5
6887928,Daniel,05/03/2022,8,9,26,801,4
5126247,Luis,29/09/2020,13,2,18,820,2
6331314,Daniel,17/10/2022,4,3,22,191,2
1329663,Daniel,06/07/2022,7,1,18,682,3
1096036,Daniel,30/01/2022,18,4,23,203,6
2986600,Manuel,17/08/2020,9,7,26,498,6
1696222,Daniel,24/10/2021,21,1,15,979,9
1956841,Carlos,22/09/2020,16,6,25,150,3
1861073,Luis,25/04/2021,8,5,25,483,9
3412602,Luis,29/09/2020,15,1,23,792,5
2021310,Manuel,29/03/2021,5,7,25,709,4
1285118,Manuel,15/04/2022,13,4,23,873,9
3244818,Manuel,23/11/2021,10,8,10,664,3
3642737,Carlos,15/10/2020,12,7,16,609,4
6810951,Daniel,24/01/2022,1,3,25,922,6
3003053,Carlos,28/02/2020,19,8,13,941,7
5752470,Jose,24/10/2021,4,8,16,208,5
4793512,Jose,26/09/2020,8,6,25,469,6
3459652,Carlos,27/08/2020,20,6,10,338,7
3697419,Carlos,27/12/2020,14,3,13,144,1
4396113,Jose,10/07/2020,16,8,27,817,7
3794451,Daniel,03/03/2020,13,8,24,392,5
1717631,Daniel,09/01/2022,11,3,20,440,4
6062492,Jose,21/06/2021,12,2,12,824,7
7426562,Carlos,12/12/2021,21,9,22,418,1
1565104,Luis,25/03/2021,17,8,29,244,4
3395669,Daniel,25/04/2022,11,7,30,785,4
8132645,Daniel,27/11/2020,1,5,21,245,6
2880802,Daniel,12/10/2021,19,1,21,384,6
2752689,Luis,01/10/2021,15,6,11,540,7
8546803,Jose,01/09/2020,21,1,15,348,5
2391812,Carlos,24/04/2022,14,9,28,610,1
8188081,Daniel,02/07/2022,20,10,27,379,5
5856758,Luis,29/07/2020,18,4,21,783,6
3536628,Jose,29/08/2022,10,8,27,123,8
8875580,Carlos,26/09/2020,21,6,30,299,2
7532646,Carlos,10/08/2020,15,4,26,726,5
4921371,Manuel,25/08/2020,13,1,23,619,3
4385625,Jose,24/02/2020,7,2,17,866,3
7303655,Manuel,30/09/2021,10,3,25,986,3
7307938,Jose,17/07/2021,18,7,12,659,4
5278318,Luis,16/07/2020,18,8,22,736,2
4931026,Daniel,27/09/2021,2,10,12,703,2
6296899,Carlos,30/11/2020,15,9,14,243,3
3483710,Jose,11/05/2020,0,3,27,902,3
1041454,Carlos,01/09/2022,23,2,28,571,1
1714382,Carlos,09/06/2022,17,9,25,566,3
8260893,Luis,15/01/2021,23,6,29,971,1
2344801,Luis,03/08/2021,20,9,24,958,4
4340518,Daniel,08/02/2021,13,9,14,826,5
3381154,Carlos,10/12/2020,23,10,15,869,9
2738538,Jose,08/02/2020,16,9,20,295,7
5863842,Daniel,27/06/2022,11,2,15,763,5
5913306,Manuel,05/12/2021,1,8,28,976,6
6943663,Carlos,28/07/2020,5,9,10,304,5
6166966,Daniel,30/03/2021,0,8,28,532,6
3387129,Manuel,24/07/2020,17,1,13,215,8
5429183,Jose,13/12/2021,0,3,23,615,2
2748984,Luis,26/04/2020,1,2,27,702,3
6371869,Carlos,05/10/2021,6,6,10,993,3
1200241,Daniel,01/11/2020,5,3,28,138,4
7987063,Carlos,23/12/2021,20,1,20,469,8
8533036,Daniel,27/05/2020,15,9,21,244,3
2513355,Manuel,08/03/2022,7,1,29,372,9
2917102,Jose,17/01/2022,22,1,21,222,7
8741863,Carlos,29/09/2021,3,1,11,804,1
8198409,Carlos,02/04/2022,8,6,17,932,7
8930358,Luis,20/01/2020,15,4,20,494,1
7945989,Daniel,18/01/2022,8,7,29,113,6
5665149,Manuel,28/07/2020,2,1,21,330,8
5989310,Manuel,29/10/2021,4,7,10,388,7
7943136,Manuel,05/08/2020,21,1,25,876,4
5920675,Jose,26/05/2022,3,8,17,766,3
4708146,Jose,01/03/2020,4,10,21,417,7
7488139,Manuel,28/05/2021,9,3,11,615,6
3615453,Luis,10/05/2020,8,6,29,824,8
7137756,Jose,24/09/2020,2,5,13,217,6
3338971,Jose,09/07/2022,0,7,26,618,5
4855925,Carlos,01/03/2022,18,8,21,817,6
1580122,Luis,20/07/2022,23,10,29,133,7
1457312,Luis,06/09/2020,11,6,21,216,9
8106250,Manuel,14/06/2022,16,9,11,833,5
1758781,Luis,03/03/2020,23,10,10,733,1
8632271,Luis,17/09/2022,2,10,13,639,6
3534504,Luis,07/05/2021,16,8,12,819,8
2218715,Manuel,08/07/2022,14,10,11,678,7
5939659,Luis,23/10/2020,20,9,29,880,7
1776984,Manuel,11/08/2020,20,3,11,508,4
4200796,Daniel,07/12/2021,11,2,24,460,8
3710696,Carlos,20/03/2020,10,4,20,374,9
6623874,Carlos,18/11/2020,7,9,24,636,7
2649938,Daniel,18/10/2021,11,3,17,394,8
4766324,Luis,17/09/2021,19,10,29,150,5
6593899,Carlos,22/06/2020,14,8,24,567,3
2527787,Manuel,22/07/2021,0,4,30,902,6
3008593,Daniel,15/05/2020,16,1,19,336,2
7864963,Manuel,29/05/2022,10,2,26,808,8
7452270,Daniel,06/02/2021,23,6,26,187,5
4537346,Luis,15/09/2021,22,6,28,295,1
8423602,Jose,01/05/2022,5,6,23,704,2
2018413,Daniel,09/04/2021,18,10,22,714,4
2609591,Carlos,04/12/2020,6,3,19,133,6
4781275,Jose,15/09/2020,0,4,11,926,6
8363996,Jose,01/06/2020,2,2,19,758,6
6540797,Luis,06/07/2021,10,2,20,827,1
2981887,Daniel,24/05/2021,10,3,26,898,8
4816100,Carlos,11/02/2020,0,3,27,356,8
4067188,Luis,10/04/2022,7,8,15,529,6
8791166,Jose,08/03/2021,1,9,15,998,9
3010715,Luis,05/01/2020,22,4,13,887,4
2250335,Manuel,28/06/2020,7,8,28,222,8
3454688,Jose,05/08/2021,15,4,28,324,8
2080098,Daniel,13/11/2021,16,3,16,320,7
5234535,Luis,21/09/2020,13,4,29,858,5
8669039,Daniel,26/10/2022,19,2,19,724,7
4701209,Manuel,17/01/2021,8,1,21,763,5
2191997,Luis,11/03/2021,9,2,15,867,6
5459525,Daniel,10/07/2020,0,3,21,779,9
6581875,Jose,26/08/2020,13,9,24,799,2
4366060,Jose,27/06/2022,7,4,21,729,8
4056787,Carlos,03/11/2021,14,7,14,966,1
2972450,Carlos,28/12/2020,18,4,23,582,5
1341750,Luis,09/08/2022,4,7,29,350,9
5754355,Carlos,13/10/2021,22,6,17,310,4
7427639,Manuel,05/12/2021,8,10,29,228,6
2939642,Carlos,22/01/2022,21,4,20,893,6
7929024,Manuel,18/10/2021,22,8,17,896,3
3261915,Jose,24/02/2021,3,2,24,778,7
4363001,Carlos,04/03/2022,23,8,13,744,2
2378933,Luis,01/04/2021,23,8,25,762,4
5741891,Carlos,03/06/2020,3,4,11,321,2
2861275,Jose,27/08/2022,13,4,22,138,5
2612598,Carlos,29/09/2022,3,2,15,868,9
1158519,Manuel,06/11/2020,11,1,15,457,9
1199298,Daniel,19/11/2021,11,8,23,838,5
3833499,Jose,22/09/2022,4,5,30,471,5
8844874,Luis,23/02/2022,8,10,27,652,1
5502156,Jose,15/11/2020,1,4,27,865,1
2608623,Jose,08/10/2022,1,1,16,951,9
2088752,Luis,01/06/2022,5,5,12,932,2
3943808,Luis,05/01/2020,4,6,22,569,8
6308193,Jose,18/02/2021,5,1,30,105,8
7098889,Daniel,16/12/2021,21,4,10,963,7
2876579,Manuel,02/03/2022,16,10,20,279,4
3296681,Manuel,06/12/2020,14,2,13,961,1
5328304,Manuel,04/12/2021,3,8,22,756,7
1444512,Manuel,28/12/2021,13,10,15,367,5
7599640,Luis,28/04/2022,21,7,27,556,2
6565621,Manuel,05/11/2020,10,7,17,692,6
2103689,Manuel,06/11/2021,23,5,28,708,8
7327417,Daniel,03/06/2021,23,5,22,454,3
8914389,Luis,05/06/2021,4,7,25,140,6
7923857,Jose,17/04/2021,8,9,25,887,7
4176429,Carlos,28/12/2020,19,10,21,601,9
6023763,Luis,03/07/2022,18,9,12,196,3
8074925,Manuel,23/01/2020,13,6,13,435,8
4544271,Manuel,04/01/2021,2,8,12,790,3
8795506,Daniel,14/10/2022,11,5,13,777,3
8761557,Jose,10/02/2020,19,2,15,279,5
3638179,Manuel,17/03/2021,9,3,10,831,2
1825048,Luis,01/03/2021,13,2,23,657,1
6678328,Jose,29/06/2021,5,7,12,821,8
4987891,Carlos,04/01/2020,7,4,23,211,1
7811011,Luis,07/05/2022,1,7,28,336,7
1248734,Daniel,05/08/2020,1,8,12,300,4
4740766,Daniel,01/10/2021,22,2,22,179,2
5864543,Jose,17/12/2021,22,9,19,249,4
6585425,Carlos,27/11/2021,21,8,30,718,7
6177901,Luis,03/04/2020,8,9,22,749,3
7246960,Daniel,03/01/2022,13,8,24,290,5
6337655,Carlos,09/04/2020,18,10,12,281,4
4090571,Jose,09/01/2021,21,9,21,368,1
1373347,Carlos,02/09/2021,17,7,28,756,6
7555158,Daniel,06/02/2020,11,7,10,171,6
8834726,Daniel,03/01/2020,19,9,20,158,2
6130689,Daniel,26/02/2021,3,5,30,682,7
3525297,Luis,25/04/2022,19,4,24,382,7
6431921,Jose,09/01/2022,19,7,20,857,8
6223621,Jose,16/07/2021,16,3,14,191,7
4001830,Jose,18/03/2021,4,4,24,881,9
7111171,Daniel,24/07/2021,19,9,23,355,4
2916643,Carlos,01/03/2020,21,8,21,944,7
5539601,Manuel,14/09/2020,11,2,28,328,3
6043376,Manuel,14/03/2020,5,9,27,721,3
3595792,Manuel,20/01/2022,15,8,20,541,7
6753163,Carlos,13/11/2021,1,5,22,862,8
4599975,Carlos,20/03/2022,13,10,10,293,2
2049895,Daniel,05/07/2022,13,10,23,895,1
4560379,Daniel,01/02/2021,7,4,21,498,9
4467862,Jose,13/05/2022,10,2,28,154,3
7076771,Jose,11/10/2021,7,8,15,431,5
3094031,Luis,22/04/2020,22,6,10,731,8
2569989,Manuel,01/10/2021,20,9,27,354,6
3679825,Luis,16/04/2021,9,1,22,243,6
2102026,Luis,07/04/2020,11,1,12,190,4
6836907,Jose,29/10/2021,0,5,29,819,9
6659239,Luis,29/01/2022,6,2,14,439,2
7233340,Manuel,20/03/2021,4,6,23,304,6
3419092,Daniel,28/08/2020,19,2,19,339,2
6042562,Luis,04/07/2022,9,5,24,870,7
8805635,Luis,13/04/2020,1,1,23,720,5
8067697,Carlos,12/04/2022,8,1,11,481,9
6777008,Manuel,22/07/2021,4,4,19,387,2
1200056,Luis,23/05/2022,19,8,22,694,9
8802828,Daniel,27/01/2021,19,4,28,797,4
2186084,Luis,22/08/2021,22,10,10,796,6
6871582,Luis,14/05/2022,2,9,18,407,7
7616556,Manuel,19/04/2021,16,10,22,563,5
4000935,Carlos,30/05/2021,19,5,30,301,8
2429129,Manuel,17/02/2022,22,9,12,624,5
8361656,Jose,04/09/2021,1,4,21,798,5
6697115,Manuel,08/09/2021,13,5,24,527,9
1647397,Jose,08/07/2021,13,5,10,649,5
4061776,Luis,01/10/2020,15,6,27,742,5
4843438,Daniel,23/07/2020,14,9,30,339,4
2812343,Manuel,21/09/2021,4,2,25,318,5
6703687,Jose,04/07/2021,1,5,24,801,2
7327837,Manuel,21/10/2022,11,1,13,760,7
6168512,Jose,08/12/2020,2,8,21,946,2
4707609,Carlos,18/04/2022,1,5,24,534,4
8333504,Daniel,01/06/2022,22,5,11,293,1
1378059,Luis,09/05/2020,17,1,30,122,8
2785770,Daniel,08/02/2022,16,2,13,521,5
6616376,Jose,01/08/2020,0,4,12,218,1
3866738,Luis,28/02/2021,8,9,28,617,7
8153120,Carlos,09/02/2021,5,1,17,841,5
5905699,Manuel,01/10/2021,1,9,17,467,9
1075661,Daniel,10/10/2021,11,2,10,174,7
3520943,Daniel,25/05/2022,3,9,27,445,2
4645598,Manuel,11/08/2021,12,8,14,901,6
3200945,Daniel,17/11/2021,23,8,12,795,8
6906122,Jose,03/02/2022,4,4,20,919,2
3459964,Daniel,08/03/2020,18,8,11,903,4
4985949,Manuel,01/03/2021,10,4,21,608,3
1059127,Manuel,01/04/2020,14,6,28,432,5
3142765,Carlos,14/12/2020,22,7,18,853,6
8207769,Daniel,08/09/2021,4,2,21,810,9
2427733,Carlos,24/02/2022,1,10,25,580,9
6026937,Daniel,07/10/2020,23,5,14,108,3
7207993,Jose,25/05/2021,14,8,18,646,9
1369423,Manuel,16/02/2022,23,4,29,920,4
7182540,Daniel,26/01/2020,12,6,13,437,9
5688422,Carlos,24/08/2021,9,2,16,680,6
6191026,Luis,13/07/2021,1,5,10,680,4
8523312,Luis,26/04/2020,7,6,30,360,6
5107695,Luis,04/07/2020,8,9,23,954,2
3132659,Manuel,28/02/2021,14,9,11,558,9
2552317,Luis,19/10/2021,23,9,19,822,5
2540455,Jose,10/12/2021,7,2,13,789,2
1865566,Jose,21/07/2022,19,8,25,467,4
7968312,Manuel,06/08/2021,11,9,24,819,8
6216498,Luis,02/10/2022,5,1,13,368,3
5922829,Luis,10/09/2021,9,10,26,157,4
1639891,Carlos,17/06/2022,0,3,28,653,8
3010092,Carlos,06/09/2020,6,5,19,247,5
5479864,Luis,13/01/2022,17,6,29,867,9
6140506,Luis,02/05/2021,8,9,12,527,9
3912017,Jose,14/10/2021,19,9,18,106,4
5232675,Daniel,23/10/2022,1,10,29,729,2
8745725,Luis,16/04/2021,7,1,26,542,6
1093403,Luis,16/06/2022,7,9,18,828,2
5278317,Carlos,25/05/2020,8,4,27,838,8
8987803,Luis,15/03/2020,5,1,30,388,6
6694775,Manuel,20/09/2021,12,2,13,830,6
5693902,Jose,12/02/2020,15,5,17,150,4
1782761,Luis,12/09/2020,9,10,26,742,8
5002201,Luis,10/07/2021,0,9,29,191,5
4021835,Manuel,21/06/2021,17,6,11,488,5
4385186,Jose,01/09/2022,6,8,21,505,3
8632619,Luis,18/02/2021,19,4,16,189,5
4234196,Carlos,24/03/2020,6,6,22,126,7
3695576,Jose,07/04/2022,18,3,26,223,6
8713394,Manuel,30/03/2020,7,8,16,292,2
6202788,Jose,20/05/2022,14,6,11,458,9
4113275,Manuel,16/07/2021,16,1,19,160,1
5053629,Manuel,05/12/2021,21,6,29,340,3
8983717,Carlos,28/05/2021,19,9,15,867,9
6954992,Carlos,20/09/2020,21,8,12,132,6
4532563,Manuel,11/03/2021,22,2,18,794,9
6163374,Manuel,17/05/2021,9,4,11,771,8
3508696,Daniel,27/06/2021,10,4,19,396,8
7203797,Luis,01/11/2021,21,5,18,222,7
7300208,Carlos,03/07/2021,0,5,27,203,8
6598840,Jose,04/12/2021,13,3,11,465,7
2650024,Jose,13/01/2021,9,2,14,127,6
2963291,Jose,10/10/2021,15,8,23,399,3
6374459,Manuel,01/07/2021,11,3,28,231,3
8412205,Carlos,27/12/2021,4,8,18,907,1
5162387,Jose,17/08/2020,11,10,15,799,5
6328909,Manuel,22/09/2022,6,5,18,744,8
3507135,Manuel,17/03/2020,10,3,29,865,6
1461016,Luis,04/03/2022,6,3,12,941,5
8894053,Luis,09/03/2021,7,10,16,327,7
8268684,Jose,13/01/2020,2,9,28,866,8
3237459,Manuel,28/08/2022,18,5,14,399,9
8616623,Luis,15/01/2022,23,5,26,565,8
2359215,Carlos,27/11/2020,10,4,27,310,9
8598882,Jose,23/02/2022,6,8,13,938,7
6035624,Daniel,29/01/2020,6,5,23,369,8
5208129,Luis,21/06/2022,7,3,24,838,8
6319449,Manuel,24/04/2022,11,1,10,296,6
7663515,Manuel,28/07/2021,1,9,16,920,2
8868819,Jose,16/02/2021,10,7,12,469,3
8768672,Luis,03/12/2021,11,4,22,663,3
6034394,Luis,12/10/2021,10,4,12,974,8
7445036,Jose,25/03/2020,17,7,18,263,7
2253987,Carlos,21/02/2020,23,4,24,248,8
2475164,Daniel,12/12/2020,9,2,30,626,3
1586426,Jose,17/03/2021,15,9,20,889,3
5123559,Manuel,28/06/2020,4,5,11,474,1
5221469,Carlos,21/03/2022,22,2,16,245,7
5245144,Carlos,27/11/2020,17,7,24,938,2
4266342,Jose,10/11/2020,9,8,12,517,2
1762508,Luis,29/03/2021,8,10,30,704,7
6687553,Luis,25/07/2022,7,5,10,644,7
5519445,Manuel,25/02/2021,8,6,23,822,5
2240864,Jose,12/09/2020,5,1,19,450,3
3709221,Jose,14/12/2021,17,1,28,297,6
8065955,Daniel,20/03/2022,7,9,19,740,2
2460637,Jose,01/01/2022,21,10,15,327,8
6288987,Daniel,24/10/2022,14,1,17,652,4
1344926,Manuel,28/01/2022,8,5,14,705,8
6506902,Manuel,19/01/2021,0,2,14,961,2
8785174,Daniel,12/07/2020,12,6,19,954,9
7611753,Daniel,30/05/2022,2,9,26,958,4
7815247,Jose,30/04/2021,10,2,15,825,7
4443211,Jose,05/01/2020,5,8,27,226,5
2692618,Daniel,10/07/2020,20,9,20,347,2
3461509,Luis,28/04/2022,19,6,11,879,6
4984838,Manuel,28/09/2022,6,2,11,786,2
3546987,Jose,05/01/2020,7,4,13,575,7
8558626,Carlos,16/05/2020,22,5,20,411,9
4904829,Luis,06/04/2022,10,9,28,775,1
3616372,Manuel,05/04/2022,13,7,22,944,6
3765778,Carlos,22/01/2020,8,6,26,624,6
5538948,Carlos,13/02/2020,1,1,24,880,2
5538936,Daniel,19/06/2020,11,9,10,233,9
5372184,Daniel,15/03/2020,17,5,30,481,3
4838811,Luis,03/01/2022,19,2,23,881,1
4565886,Luis,02/03/2022,16,4,14,624,4
4568188,Luis,21/11/2021,20,3,15,199,5
5763177,Manuel,26/07/2021,20,1,16,646,6
4234073,Manuel,17/08/2020,23,8,11,693,6
1822378,Daniel,22/08/2022,6,8,27,660,7
2203067,Daniel,06/06/2021,15,7,14,340,9
4981709,Jose,15/07/2020,7,8,23,788,1
1246276,Daniel,06/10/2021,6,9,21,506,2
7329960,Jose,01/05/2022,6,6,24,145,8
4017456,Jose,13/03/2021,11,8,15,914,7
4147902,Daniel,08/03/2021,11,9,29,400,1
4530524,Manuel,25/04/2022,18,10,17,643,3
3898163,Manuel,12/01/2021,7,10,16,206,3
1925505,Jose,06/09/2020,8,4,20,571,1
8929603,Luis,27/10/2021,8,1,29,902,2
7214519,Luis,04/03/2022,2,5,14,788,5
2725132,Jose,15/05/2021,6,7,30,955,1
4178071,Luis,10/03/2021,10,4,17,302,1
7876911,Carlos,20/03/2021,12,6,11,102,3
7359691,Luis,15/11/2021,18,8,26,803,1
8193284,Carlos,28/09/2020,9,6,23,208,2
6407650,Daniel,20/08/2020,2,5,22,938,4
7459182,Carlos,15/07/2021,13,1,19,200,9
7282910,Luis,15/04/2022,16,4,26,614,5
3583059,Carlos,03/07/2021,6,7,28,296,9
1979768,Daniel,14/12/2020,6,5,24,905,5
3564031,Luis,26/10/2020,19,2,10,204,1
6446820,Daniel,22/09/2022,14,3,19,385,8
1833622,Luis,30/10/2020,21,1,22,640,1
3300024,Jose,19/12/2021,19,1,17,614,3
4297973,Jose,03/05/2020,9,5,29,807,1
6865598,Luis,15/08/2020,15,7,30,956,5
2217873,Manuel,26/04/2022,13,2,26,766,9
5994167,Manuel,15/08/2021,8,1,25,543,7
7832512,Daniel,20/02/2020,23,8,18,144,5
4753182,Manuel,11/03/2022,20,1,22,937,4
2564082,Jose,21/07/2020,21,10,13,545,5
5429231,Manuel,03/04/2020,13,2,16,327,8
8088884,Luis,24/01/2020,17,10,13,328,2
5072524,Daniel,30/08/2021,7,1,25,317,1
7428491,Manuel,06/01/2022,8,1,17,813,6
4672087,Manuel,23/08/2021,12,1,25,419,4
5353118,Manuel,29/05/2021,18,1,20,577,3
5189328,Carlos,25/11/2021,8,6,29,484,7
5749285,Manuel,08/04/2020,11,4,10,810,9
6603154,Daniel,04/09/2021,8,4,23,652,8
3796167,Manuel,24/08/2022,4,8,19,647,4
2827973,Daniel,13/03/2022,9,3,12,409,2
7538154,Luis,06/12/2021,2,2,21,520,8
4946844,Jose,17/03/2021,18,2,19,878,3
5269126,Luis,29/05/2020,20,6,30,292,4
3784702,Carlos,14/05/2021,22,6,12,564,6
6158354,Manuel,16/06/2022,5,5,28,364,9
3162171,Carlos,03/07/2022,20,9,23,155,3
2159115,Jose,07/11/2020,17,10,11,788,9
3920994,Jose,23/01/2021,10,5,29,935,5
5944123,Luis,22/02/2022,4,5,19,299,7
4835770,Carlos,14/01/2022,12,8,25,201,9
2859765,Daniel,20/04/2022,11,10,15,1000,5
7897805,Carlos,22/08/2022,16,2,10,270,6
6075262,Jose,08/12/2020,21,4,30,934,8
5428843,Luis,27/02/2020,13,9,13,400,2
7337870,Manuel,09/10/2020,15,3,30,668,6
4404771,Daniel,19/01/2022,6,2,14,708,8
5334603,Jose,22/12/2020,2,4,16,312,2
1197079,Manuel,18/05/2022,12,10,25,754,4
5520913,Jose,17/12/2021,13,9,19,953,4
8088775,Daniel,12/01/2020,9,4,23,199,4
3404381,Jose,24/12/2021,13,7,23,205,9
3761645,Carlos,23/06/2021,0,9,21,963,5
2461593,Daniel,10/12/2021,13,1,29,584,7
3248096,Luis,03/09/2020,2,7,19,496,3
